post_id,post_date,post_time,day_of_week,post_type,content_length,hashtags_count,has_media,media_type,impressions,likes,comments,shares,engagement_rate,total_engagement,like_rate,comment_rate,share_rate,virality_score,post_hour,time_period
1,2024-03-17,12:15,Sunday,Carousel,480,0,Yes,Image,14550,690,114,82,6.09,886,4.742268041237113,0.7835051546391752,0.563573883161512,8.0,12,Afternoon
2,2024-02-28,19:30,Wednesday,Carousel,193,2,Yes,Image,19245,914,88,112,5.79,1114,4.749285528708755,0.4572616263964666,0.581969342686412,7.4097168095609245,19,Evening
3,2024-03-25,14:45,Monday,Video,288,5,Yes,Video,42471,1735,132,249,4.98,2116,4.085140448776812,0.3108003108003108,0.5862824044642226,6.465588283770102,14,Afternoon
4,2024-01-09,10:15,Tuesday,Video,241,0,Yes,Video,26416,1181,209,168,5.9,1558,4.470775287704422,0.7911871592973956,0.6359781950333132,7.961084191399152,10,Morning
5,2024-03-16,16:45,Saturday,Text,400,5,No,No Media,25902,827,99,60,3.81,986,3.192803644506216,0.3822098679638638,0.23164234422052352,4.652150413095514,16,Afternoon
6,2024-03-26,18:15,Tuesday,Image,277,9,Yes,Image,6483,157,20,13,2.93,190,2.4217183402745643,0.308499151627333,0.20052444855776647,3.6402899892025298,18,Evening
7,2024-02-09,16:00,Friday,Image,489,8,Yes,Image,13529,466,58,46,4.21,570,3.4444526572547858,0.4287086998299949,0.34001034814103037,5.3219011013378665,16,Afternoon
8,2024-03-26,8:30,Tuesday,Text,428,7,No,No Media,36022,1592,213,206,5.58,2011,4.419521403586697,0.5913053134195769,0.571872744433957,7.3177502637277225,8,Morning
9,2024-04-05,12:45,Friday,Carousel,292,6,Yes,Image,28089,912,79,107,3.91,1098,3.246822599594147,0.2812488874648439,0.38093203745238347,4.9521164868809855,12,Afternoon
10,2024-02-09,12:30,Friday,Image,377,0,Yes,Image,24927,535,73,42,2.61,650,2.146267099931801,0.2928551370000401,0.16849199663016007,3.237453363822361,12,Afternoon
11,2024-01-11,13:30,Thursday,Image,452,0,Yes,Image,33551,887,45,33,2.88,965,2.643736401299514,0.13412416917528538,0.09835772406187596,3.2070579118357125,13,Afternoon
12,2024-03-26,16:45,Tuesday,Video,259,10,Yes,Video,41305,1389,110,106,3.89,1605,3.3627890085946013,0.2663115845539281,0.25662752693378527,4.665294758503813,16,Afternoon
13,2024-01-04,16:00,Thursday,Carousel,316,9,Yes,Image,29138,1195,151,119,5.03,1465,4.101173725032604,0.5182236255062118,0.40840140023337224,6.362825176745143,16,Afternoon
14,2024-04-02,9:00,Tuesday,Carousel,420,7,Yes,Image,44992,909,76,127,2.47,1112,2.020359174964438,0.16891891891891891,0.2822724039829303,3.205014224751067,9,Morning
15,2024-02-16,9:15,Friday,Video,131,10,Yes,Video,48346,2273,258,197,5.64,2728,4.701526496504364,0.5336532494932362,0.40747941918669583,6.991271253050925,9,Morning
16,2024-01-03,12:45,Wednesday,Video,177,6,Yes,Video,25243,1002,131,146,5.07,1279,3.969417264192053,0.5189557501089411,0.5783781642435527,6.742463257140593,12,Afternoon
17,2024-02-07,10:45,Wednesday,Text,234,2,No,No Media,36540,1010,142,48,3.28,1200,2.7640941434044883,0.3886152162014231,0.13136288998357964,3.935413245758073,10,Morning
18,2024-04-02,10:15,Tuesday,Text,479,10,No,No Media,14925,376,37,35,3.0,448,2.5192629815745393,0.24790619765494137,0.23450586264656617,3.7185929648241203,10,Morning
19,2024-02-20,15:00,Tuesday,Image,258,8,Yes,Image,31059,1117,164,57,4.31,1338,3.5963810811680994,0.5280273028751731,0.18352168453588333,5.203000740526095,15,Afternoon
20,2024-03-14,15:00,Thursday,Image,494,2,Yes,Image,9509,443,74,26,5.71,543,4.658744347460301,0.7782101167315175,0.2734251761489116,7.035440109370071,15,Afternoon
21,2024-04-19,14:30,Friday,Video,157,7,Yes,Video,32733,1417,258,86,5.38,1761,4.328964653407876,0.7881953991384841,0.262731799712828,6.693550850823328,14,Afternoon
22,2024-02-17,17:15,Saturday,Image,478,6,Yes,Image,20494,830,165,109,5.39,1104,4.0499658436615595,0.8051136918122377,0.5318629842880843,7.2557821801502875,17,Evening
23,2024-04-27,9:30,Saturday,Video,268,6,Yes,Video,30696,1370,152,88,5.24,1610,4.463122230909565,0.49517852488923636,0.2866823038832421,6.313526192337764,9,Morning
24,2024-04-24,11:30,Wednesday,Image,434,0,Yes,Image,12731,255,30,30,2.47,315,2.002984840153955,0.23564527531223,0.23564527531223,3.1812112167151048,11,Morning
25,2024-01-23,17:00,Tuesday,Text,157,4,No,No Media,30715,653,53,77,2.55,783,2.1259970698355852,0.17255412664821748,0.25069184437571224,3.2231808562591566,17,Evening
26,2024-01-31,16:45,Wednesday,Carousel,413,0,Yes,Image,12238,429,27,21,3.9,477,3.5054747507762705,0.22062428501389117,0.17159666612191535,4.461513319169799,16,Afternoon
27,2024-03-30,13:30,Saturday,Text,262,1,No,No Media,4195,204,15,25,5.82,244,4.862932061978546,0.3575685339690107,0.5959475566150179,7.365911799761621,13,Afternoon
28,2024-03-29,20:45,Friday,Image,290,8,Yes,Image,28987,635,67,80,2.7,782,2.1906371821851174,0.231138096388036,0.27598578673198326,3.480870735157139,20,Evening
29,2024-01-15,9:45,Monday,Image,392,0,Yes,Image,40899,1566,219,179,4.8,1964,3.8289444729699995,0.5354654148023179,0.4376635125553192,6.2128658402405925,9,Morning
30,2024-03-19,9:45,Tuesday,Text,463,1,No,No Media,24649,772,51,80,3.66,903,3.131972899509108,0.20690494543389185,0.32455677715120285,4.5194531218305,9,Morning
31,2024-02-18,13:30,Sunday,Carousel,135,9,Yes,Image,9417,247,39,18,3.23,304,2.622916002973346,0.41414463204842306,0.1911436763300414,4.024636296060317,13,Afternoon
32,2024-01-08,18:30,Monday,Carousel,495,8,Yes,Image,11269,345,43,16,3.59,404,3.0614961398526934,0.38157777974975593,0.1419824296743278,4.250598988375189,18,Evening
33,2024-04-06,16:45,Saturday,Text,313,9,No,No Media,23140,853,156,127,4.91,1136,3.686257562662057,0.6741573033707865,0.5488331892826275,6.6810717372515125,16,Afternoon
34,2024-03-07,13:00,Thursday,Image,228,6,Yes,Image,16880,359,28,35,2.5,422,2.1267772511848344,0.16587677725118483,0.20734597156398105,3.080568720379147,13,Afternoon
35,2024-01-10,10:00,Wednesday,Text,240,0,No,No Media,21539,804,72,108,4.57,984,3.7327638237615486,0.3342773573517805,0.5014160360276707,5.905566646548122,10,Morning
36,2024-03-31,8:15,Sunday,Carousel,387,5,Yes,Image,3839,191,36,11,6.2,238,4.975253972388643,0.9377442042198489,0.28653295128939826,7.710341234696536,8,Morning
37,2024-01-21,9:15,Sunday,Video,499,0,Yes,Video,30425,1281,212,85,5.19,1578,4.2103533278553815,0.6967953985209532,0.27937551355792933,6.442070665571076,9,Morning
38,2024-03-09,8:30,Saturday,Carousel,470,10,Yes,Image,31715,1260,199,184,5.18,1643,3.9728834936150084,0.6274633454201481,0.5801671133533028,6.968311524515213,8,Morning
39,2024-01-20,10:15,Saturday,Carousel,409,2,Yes,Image,26822,615,34,73,2.69,722,2.2928938930728506,0.12676161360077548,0.2721646409663709,3.3629110431735145,10,Morning
40,2024-04-23,13:45,Tuesday,Video,389,6,Yes,Video,31592,695,112,48,2.71,855,2.1999240314003545,0.35452013167890606,0.15193719929095975,3.364775892631046,13,Afternoon
41,2024-02-25,17:45,Sunday,Image,492,8,Yes,Image,40544,1257,108,178,3.81,1543,3.1003354380426207,0.2663772691397001,0.4390292028413575,4.950177584846093,17,Evening
42,2024-04-12,8:30,Friday,Image,467,8,Yes,Image,8606,330,65,38,5.03,433,3.834534046014409,0.7552870090634441,0.4415524052986289,6.669765280037184,8,Morning
43,2024-03-13,10:45,Wednesday,Video,174,0,Yes,Video,40114,1868,248,200,5.77,2316,4.656728324275814,0.6182380216383307,0.4985790497083312,7.388941516677469,10,Morning
44,2024-04-06,20:15,Saturday,Image,271,5,Yes,Image,16656,638,66,75,4.68,779,3.8304514889529298,0.3962536023054755,0.45028818443804036,5.973823246878002,20,Evening
45,2024-01-16,16:00,Tuesday,Video,293,3,Yes,Video,27987,769,52,42,3.08,863,2.7477042912780933,0.18580055025547576,0.15006967520634582,3.5695144174080826,16,Afternoon
46,2024-01-09,12:30,Tuesday,Carousel,157,6,Yes,Image,27377,956,63,129,4.19,1148,3.4919823209263248,0.2301201738685758,0.4711984512547029,5.365818022427585,12,Afternoon
47,2024-04-11,11:30,Thursday,Video,249,6,Yes,Video,5495,168,27,7,3.68,202,3.0573248407643314,0.4913557779799818,0.12738853503184713,4.422202001819836,11,Morning
48,2024-04-01,13:30,Monday,Carousel,352,1,Yes,Image,25079,620,93,61,3.09,774,2.4721878862793574,0.3708281829419036,0.24323138881135611,3.9435384185972326,13,Afternoon
49,2024-02-15,11:15,Thursday,Carousel,492,4,Yes,Image,26710,1267,144,149,5.84,1560,4.7435417446649195,0.5391239236241108,0.5578435043055036,7.495320104829652,11,Morning
50,2024-04-16,17:15,Tuesday,Video,393,4,Yes,Video,12399,549,55,39,5.19,643,4.427776433583353,0.4435841600129043,0.3145414952818776,6.258569239454795,17,Evening
51,2024-04-27,17:15,Saturday,Video,288,8,Yes,Video,33752,1268,220,166,4.9,1654,3.756814410997867,0.6518132258829107,0.4918227068025599,6.5359089831713675,17,Evening
52,2024-03-29,17:30,Friday,Text,445,3,No,No Media,7989,210,14,15,2.99,239,2.6286143447239954,0.17524095631493303,0.1877581674802854,3.542370759794718,17,Evening
53,2024-04-04,12:15,Thursday,Image,209,3,Yes,Image,30682,735,78,85,2.93,898,2.395541359754905,0.254220715729092,0.27703539534580535,3.735088977250505,12,Afternoon
54,2024-01-11,11:00,Thursday,Image,385,2,Yes,Image,21376,851,150,59,4.96,1060,3.9811002994011977,0.7017215568862275,0.27601047904191617,6.212574850299401,11,Morning
55,2024-04-04,8:15,Thursday,Text,360,10,No,No Media,34334,1095,195,87,4.01,1377,3.1892584610007573,0.5679501368905459,0.25339313799732044,5.08533814877381,8,Morning
56,2024-02-08,20:00,Thursday,Video,163,5,Yes,Video,7310,229,43,25,4.06,297,3.1326949384404923,0.5882352941176471,0.3419972640218878,5.33515731874145,20,Evening
57,2024-03-16,15:15,Saturday,Carousel,340,2,Yes,Image,10860,539,34,45,5.69,618,4.963167587476979,0.31307550644567217,0.4143646408839779,6.832412523020258,15,Afternoon
58,2024-01-28,12:00,Sunday,Video,127,0,Yes,Video,12298,381,53,51,3.94,485,3.0980647259717027,0.43096438445275653,0.41470157749227515,5.2040982273540415,12,Afternoon
59,2024-03-10,10:45,Sunday,Video,408,1,Yes,Video,13219,424,48,42,3.89,514,3.207504349799531,0.3631136999773054,0.31772448748014226,4.886905212194568,10,Morning
60,2024-04-22,9:15,Monday,Image,322,7,Yes,Image,33021,1180,198,95,4.46,1473,3.573483540777081,0.5996184246388662,0.2876957087913752,5.6358075164289385,9,Morning
61,2024-04-18,10:30,Thursday,Text,305,4,No,No Media,12878,301,24,21,2.69,346,2.3373194595434073,0.18636434228917534,0.1630687995030284,3.199254542630843,10,Morning
62,2024-04-24,17:45,Wednesday,Text,193,3,No,No Media,33420,1616,123,235,5.91,1974,4.83542788749252,0.36804308797127466,0.7031717534410533,7.681029323758229,17,Evening
63,2024-02-20,20:45,Tuesday,Image,301,6,Yes,Image,6443,235,42,17,4.56,294,3.6473692379326397,0.6518702467794506,0.2638522427440633,5.742666459723731,20,Evening
64,2024-01-03,17:00,Wednesday,Image,197,2,Yes,Image,8136,277,53,29,4.41,359,3.4046214355948865,0.6514257620452311,0.35644051130776794,5.776794493608653,17,Evening
65,2024-04-28,14:15,Sunday,Carousel,461,2,Yes,Image,24774,794,84,72,3.83,950,3.204972955517882,0.33906514894647616,0.290627270525551,4.754985064987487,14,Afternoon
66,2024-03-20,19:15,Wednesday,Video,444,3,Yes,Video,29394,1066,172,68,4.44,1306,3.626590460638225,0.5851534326733348,0.23133972919643464,5.490916513574199,19,Evening
67,2024-03-01,19:45,Friday,Image,342,8,Yes,Image,8790,320,22,14,4.05,356,3.6405005688282137,0.25028441410693975,0.15927189988623436,4.618885096700796,19,Evening
68,2024-03-27,9:30,Wednesday,Video,294,2,Yes,Video,42595,1306,167,99,3.69,1572,3.066087568963493,0.39206479633759833,0.23242164573306726,4.547482098837892,9,Morning
69,2024-01-22,11:30,Monday,Video,326,3,Yes,Video,33138,1309,135,178,4.89,1622,3.950147866497676,0.4073872895165671,0.5371476854366588,6.376365501840787,11,Morning
70,2024-04-07,9:00,Sunday,Image,445,3,Yes,Image,31538,1538,274,144,6.2,1956,4.876656731561925,0.8687932018517345,0.45659204768850276,7.984019278330902,9,Morning
71,2024-04-17,14:00,Wednesday,Image,197,4,Yes,Image,32629,1090,162,43,3.97,1295,3.340586594747004,0.49649085169634377,0.1317846087835974,4.7289221244904835,14,Afternoon
72,2024-02-14,12:15,Wednesday,Video,254,9,Yes,Video,34012,703,127,65,2.63,895,2.0669175585087616,0.37339762436787016,0.19110902034576033,3.3870398682817826,12,Afternoon
73,2024-02-08,12:00,Thursday,Image,435,9,Yes,Image,3923,154,27,17,5.05,198,3.925567167983686,0.688248789191945,0.4333418302319653,6.602090237063472,12,Afternoon
74,2024-04-06,20:45,Saturday,Image,490,6,Yes,Image,7814,214,12,29,3.26,255,2.7386741745584846,0.15357051446122344,0.37112874328129,4.159201433324801,20,Evening
75,2024-03-07,8:45,Thursday,Text,147,9,No,No Media,34115,744,126,89,2.81,959,2.180858859739118,0.3693390004396893,0.2608823098343837,3.702183790121647,8,Morning
76,2024-01-03,14:30,Wednesday,Carousel,230,2,Yes,Image,33977,1102,146,46,3.81,1294,3.243370515348618,0.42970244577214,0.13538570209259204,4.508932513170675,14,Afternoon
77,2024-01-26,16:30,Friday,Video,393,8,Yes,Video,47505,1740,95,136,4.15,1971,3.66277233975371,0.1999789495842543,0.2862856541416693,4.921587201347227,16,Afternoon
78,2024-02-18,15:15,Sunday,Text,496,2,No,No Media,19924,783,97,67,4.75,947,3.929933748243325,0.48685003011443484,0.33627785585223846,5.91246737602891,15,Afternoon
79,2024-02-06,11:15,Tuesday,Video,360,1,Yes,Video,34022,1209,197,138,4.54,1544,3.553582975721592,0.5790370936452883,0.4056198930104051,5.928516842043384,11,Morning
80,2024-04-01,11:45,Monday,Text,217,2,No,No Media,47842,1387,222,134,3.64,1743,2.8991262907069104,0.46402742360269217,0.28008862505748083,4.667447013084737,11,Morning
81,2024-01-20,11:00,Saturday,Image,164,1,Yes,Image,14278,312,51,16,2.65,379,2.185179997198487,0.357192884157445,0.11206051267684548,3.2357473035439135,11,Morning
82,2024-02-05,13:15,Monday,Image,132,8,Yes,Image,29361,764,133,71,3.3,968,2.6020912094274715,0.4529818466673478,0.24181737679234358,4.233507033139198,13,Afternoon
83,2024-03-18,13:15,Monday,Carousel,412,8,Yes,Image,6698,287,45,20,5.26,352,4.28486115258286,0.6718423409973127,0.2985965959988056,6.524335622573902,13,Afternoon
84,2024-02-23,15:00,Friday,Video,375,9,Yes,Video,36550,1731,324,185,6.13,2240,4.735978112175102,0.8864569083447331,0.506155950752394,8.027359781121751,15,Afternoon
85,2024-02-17,9:15,Saturday,Text,458,6,No,No Media,41370,1411,212,123,4.22,1746,3.410684070582548,0.5124486342760455,0.29731689630166785,5.327532028039642,9,Morning
86,2024-01-17,14:30,Wednesday,Video,260,4,Yes,Video,47364,2042,262,224,5.34,2528,4.311291276074656,0.5531627396334768,0.47293302930495734,6.836415843256481,14,Afternoon
87,2024-04-22,12:00,Monday,Image,442,4,Yes,Image,26983,704,94,103,3.34,901,2.6090501426824297,0.34836749064225625,0.381721824852685,4.450950598524997,12,Afternoon
88,2024-04-20,13:15,Saturday,Text,279,5,No,No Media,19758,803,111,103,5.15,1017,4.064176536086649,0.5617977528089888,0.5213078246786111,6.751695515740459,13,Afternoon
89,2024-04-11,8:45,Thursday,Video,295,8,Yes,Video,29573,1359,250,126,5.87,1735,4.595407973489332,0.8453657052040714,0.42606431542285195,7.564332330166029,8,Morning
90,2024-02-24,17:00,Saturday,Image,424,2,Yes,Image,49826,2357,119,266,5.5,2742,4.730462007787099,0.2388311323405451,0.5338578252318067,6.809697748163609,17,Evening
91,2024-01-12,11:45,Friday,Image,406,4,Yes,Image,13245,505,26,17,4.14,548,3.8127595318988297,0.19630049075122688,0.12835032087580217,4.59041147602869,11,Morning
92,2024-04-21,9:45,Sunday,Video,273,6,Yes,Video,33892,1209,129,109,4.27,1447,3.5672135017113185,0.380620795467957,0.3216098194264133,5.293284550926472,9,Morning
93,2024-03-07,8:15,Thursday,Video,238,5,Yes,Video,10845,434,36,50,4.79,520,4.0018441678192715,0.33195020746887965,0.46104195481788846,6.048870447210696,8,Morning
94,2024-03-26,9:15,Tuesday,Video,397,7,Yes,Video,37257,1526,91,146,4.73,1763,4.095874600746169,0.24424940279678986,0.3918726682234211,5.759991411010012,9,Morning
95,2024-03-24,13:00,Sunday,Video,338,5,Yes,Video,41376,2019,106,155,5.51,2280,4.879640371229698,0.2561871616395978,0.37461330239752516,6.515854601701469,13,Afternoon
96,2024-02-04,12:15,Sunday,Image,261,6,Yes,Image,20753,975,116,112,5.8,1203,4.698115935045536,0.5589553317592637,0.5396810099744616,7.435069628487448,12,Afternoon
97,2024-01-30,16:00,Tuesday,Carousel,450,7,Yes,Image,11403,256,33,16,2.67,305,2.2450232394983773,0.2893975269665877,0.14031395246864858,3.244760150837499,16,Afternoon
98,2024-01-02,11:30,Tuesday,Carousel,300,8,Yes,Image,23409,709,70,59,3.58,838,3.0287496262121403,0.29903028749626215,0.2520398137468495,4.382929642445213,11,Morning
99,2024-02-07,20:45,Wednesday,Carousel,337,4,Yes,Image,40172,1826,189,138,5.36,2153,4.545454545454546,0.4704769491187892,0.3435228517375286,6.51697699890471,20,Evening
100,2024-04-23,11:00,Tuesday,Text,325,8,No,No Media,43998,2117,108,66,5.21,2291,4.811582344652029,0.2454657029864994,0.15000681849174963,5.752534206100277,11,Morning
101,2024-02-13,17:00,Tuesday,Carousel,456,9,Yes,Image,10267,492,53,68,5.97,613,4.792052206097205,0.5162170059413655,0.6623161585662802,7.811434693678778,17,Evening
102,2024-04-22,17:15,Monday,Text,216,0,No,No Media,30631,1204,98,95,4.56,1397,3.9306584832359373,0.31993731840292516,0.3101433188599784,5.500963076621723,17,Evening
103,2024-03-11,19:00,Monday,Image,484,3,Yes,Image,9829,290,24,29,3.49,343,2.950452741886255,0.24417539932851764,0.2950452741886255,4.323939363109167,19,Evening
104,2024-02-21,9:00,Wednesday,Text,301,0,No,No Media,16011,684,35,54,4.83,773,4.2720629567172566,0.21859971269752046,0.33726812816188867,5.721066766597964,9,Morning
105,2024-04-04,13:00,Thursday,Image,230,4,Yes,Image,10846,378,56,39,4.36,473,3.485155817813019,0.5163193804167435,0.3595795685045178,5.596533284160059,13,Afternoon
106,2024-01-19,10:00,Friday,Carousel,138,4,Yes,Image,33641,1627,287,195,6.27,2109,4.836360393567373,0.853125650248209,0.579649832050177,8.281561190214322,10,Morning
107,2024-03-09,19:45,Saturday,Carousel,416,1,Yes,Image,8975,253,47,13,3.49,313,2.818941504178273,0.5236768802228412,0.14484679665738162,4.3008356545961,19,Evening
108,2024-03-30,14:15,Saturday,Image,495,3,Yes,Image,24509,867,86,32,4.02,985,3.5374760292137584,0.35089150924150314,0.13056428250846627,4.6309518952221636,14,Afternoon
109,2024-03-08,12:45,Friday,Video,491,1,Yes,Video,22452,1024,149,88,5.62,1261,4.560840905041867,0.6636379832531623,0.39194726527703544,7.063958667379298,12,Afternoon
110,2024-04-06,10:45,Saturday,Image,421,5,Yes,Image,39595,1530,230,127,4.77,1887,3.864124258113398,0.5808814244222755,0.32074756913751734,5.9881298143705015,10,Morning
111,2024-03-27,19:30,Wednesday,Text,130,7,No,No Media,7310,295,40,17,4.82,352,4.035567715458276,0.5471956224350205,0.23255813953488372,5.827633378932968,19,Evening
112,2024-04-14,16:45,Sunday,Video,136,9,Yes,Video,11279,248,16,29,2.6,293,2.198776487277241,0.1418565475662736,0.2571149924638709,3.253834559801401,16,Afternoon
113,2024-03-09,16:00,Saturday,Text,435,1,No,No Media,34395,796,139,37,2.83,972,2.31428986771333,0.40412850705044334,0.10757377525803169,3.4452682075883123,16,Afternoon
114,2024-02-28,10:00,Wednesday,Text,424,3,No,No Media,35368,1626,192,219,5.76,2037,4.597376159239991,0.5428636055191134,0.6192038000452386,7.540714770413934,10,Morning
115,2024-02-19,18:30,Monday,Video,192,7,Yes,Video,37681,1165,138,95,3.71,1398,3.091743849685518,0.3662323186751944,0.2521164512619092,4.580557840821634,18,Evening
116,2024-03-09,17:15,Saturday,Video,193,10,Yes,Video,16911,778,39,87,5.35,904,4.600555851221098,0.23061912364733014,0.5144580450594288,6.6051682336940445,17,Evening
117,2024-04-28,19:15,Sunday,Image,226,7,Yes,Image,29136,770,147,94,3.47,1011,2.64277869302581,0.5045304777594728,0.3226249313563976,4.619714442613948,19,Evening
118,2024-02-17,19:30,Saturday,Text,259,7,No,No Media,21285,871,85,94,4.93,1050,4.092083626967348,0.39934225980737603,0.4416255579046277,6.215644820295983,19,Evening
119,2024-03-09,13:15,Saturday,Video,384,5,Yes,Video,30082,1160,217,136,5.03,1513,3.8561265873279704,0.7213616115949738,0.4520975998936241,6.65514261019879,13,Afternoon
120,2024-03-22,11:00,Friday,Text,307,4,No,No Media,48739,2377,230,248,5.86,2855,4.8769978867026405,0.471901352099961,0.5088327622643057,7.347298877695479,11,Morning
121,2024-03-22,12:30,Friday,Carousel,209,8,Yes,Image,6684,293,47,33,5.58,373,4.3836026331538,0.7031717534410533,0.49371633752244165,7.271095152603231,12,Afternoon
122,2024-01-16,13:45,Tuesday,Text,129,4,No,No Media,32923,906,137,85,3.43,1128,2.7518755884943658,0.4161224675758588,0.258178173313489,4.35865504358655,13,Afternoon
123,2024-03-18,19:30,Monday,Carousel,472,6,Yes,Image,28042,969,179,86,4.4,1234,3.45553098923044,0.6383282219527852,0.3066828328935169,5.652235931816561,19,Evening
124,2024-01-25,12:30,Thursday,Video,363,0,Yes,Video,44524,1507,187,46,3.91,1740,3.3846914023897225,0.4199982032162429,0.10331506603180307,4.534633006917618,12,Afternoon
125,2024-01-15,9:00,Monday,Image,428,9,Yes,Image,38152,1768,146,156,5.43,2070,4.63409519815475,0.3826798070874397,0.40889075277836023,6.62612707066471,9,Morning
126,2024-03-31,11:15,Sunday,Video,150,1,Yes,Video,48979,1453,223,148,3.72,1824,2.966577512811613,0.4552971681741154,0.3021703178913412,4.783682802833868,11,Morning
127,2024-03-28,12:30,Thursday,Video,451,2,Yes,Video,45510,1593,138,77,3.97,1808,3.5003295978905737,0.30323005932762026,0.16919358382773017,4.614370468029005,12,Afternoon
128,2024-01-21,8:45,Sunday,Carousel,434,3,Yes,Image,46575,1141,144,110,3.0,1395,2.449812130971551,0.30917874396135264,0.23617820719269994,3.7767042404723563,8,Morning
129,2024-01-26,17:00,Friday,Image,145,9,Yes,Image,7722,264,22,38,4.2,324,3.418803418803419,0.2849002849002849,0.4921004921004921,5.464905464905464,17,Evening
130,2024-02-20,18:00,Tuesday,Carousel,450,1,Yes,Image,48354,993,74,103,2.42,1170,2.0536046655912648,0.15303801133308517,0.2130123671257807,2.9987177896347768,18,Evening
131,2024-01-05,17:30,Friday,Image,214,5,Yes,Image,31622,1108,100,78,4.07,1286,3.5038896970463598,0.31623553222440076,0.24666371513503257,4.876351906900259,17,Evening
132,2024-03-13,17:30,Wednesday,Image,234,8,Yes,Image,41203,1204,193,67,3.55,1464,2.9221173215542557,0.46841249423585657,0.16260951872436474,4.346770866199063,17,Evening
133,2024-04-18,16:30,Thursday,Text,425,9,No,No Media,48667,2293,300,137,5.61,2730,4.711611564304354,0.6164341340127807,0.28150492119916987,6.788994595927425,16,Afternoon
134,2024-04-20,8:45,Saturday,Text,355,0,No,No Media,40607,1071,119,123,3.23,1313,2.6374762971901395,0.2930529219100155,0.30290344029354543,4.132292461890807,8,Morning
135,2024-04-15,10:00,Monday,Image,326,1,Yes,Image,45607,1795,131,211,4.69,2137,3.935799329050365,0.28723660841537485,0.46264827767667244,5.8982173789111325,10,Morning
136,2024-04-02,13:30,Tuesday,Video,216,7,Yes,Video,18114,576,47,31,3.61,654,3.179860881086453,0.2594678149497626,0.17113834603069447,4.212211549078061,13,Afternoon
137,2024-04-16,16:15,Tuesday,Text,187,8,No,No Media,16699,534,32,26,3.55,592,3.1977962752260614,0.19162824121204863,0.1556979459847895,4.0481465956045275,16,Afternoon
138,2024-01-01,12:15,Monday,Carousel,499,4,Yes,Image,10353,213,28,31,2.63,272,2.057374674007534,0.2704530087897228,0.29943011687433596,3.4965710422099874,12,Afternoon
139,2024-02-04,8:00,Sunday,Video,486,0,Yes,Video,22352,760,119,94,4.35,973,3.4001431639226913,0.5323908375089478,0.42054402290622767,5.72655690765927,8,Morning
140,2024-01-25,12:15,Thursday,Carousel,361,7,Yes,Image,20684,958,117,74,5.56,1149,4.631599303809708,0.5656546122606846,0.35776445561786885,6.836201895184684,12,Afternoon
141,2024-04-03,18:45,Wednesday,Carousel,151,1,Yes,Image,45393,2053,138,234,5.34,2425,4.522723767981848,0.30401163174938867,0.5154979842707025,6.677240984292733,18,Evening
142,2024-03-02,19:00,Saturday,Text,343,2,No,No Media,40858,1249,191,178,3.96,1618,3.056928875617994,0.46747271036271965,0.43565519604483827,5.298839884477948,19,Evening
143,2024-01-27,16:15,Saturday,Carousel,398,4,Yes,Image,44115,1259,220,123,3.63,1602,2.8539045676073895,0.4986965884619744,0.2788167290037402,4.687747931542559,16,Afternoon
144,2024-01-11,10:00,Thursday,Carousel,422,1,Yes,Image,5466,151,19,18,3.44,188,2.762532016099524,0.34760336626417854,0.3293084522502744,4.445664105378705,10,Morning
145,2024-02-09,19:15,Friday,Image,146,3,Yes,Image,5237,243,47,34,6.19,324,4.640061103685316,0.8974603780790529,0.6492266564827192,8.38266182929158,19,Evening
146,2024-03-13,9:15,Wednesday,Carousel,481,5,Yes,Image,36196,1648,135,98,5.2,1881,4.55298928058349,0.3729693888827495,0.27074814896673666,6.111172505249199,9,Morning
147,2024-04-09,14:45,Tuesday,Image,383,8,Yes,Image,25574,1175,91,159,5.57,1425,4.594510049268789,0.35583013998592317,0.621725189645734,7.1713458981778375,14,Afternoon
148,2024-01-17,12:30,Wednesday,Video,404,5,Yes,Video,40480,1906,344,161,5.96,2411,4.708498023715415,0.849802371541502,0.3977272727272727,7.601284584980237,12,Afternoon
149,2024-01-08,16:00,Monday,Video,261,0,Yes,Video,5378,152,28,12,3.57,192,2.8263294905169207,0.5206396429899591,0.2231312755671253,4.537002603198214,16,Afternoon
150,2024-02-23,9:15,Friday,Image,263,7,Yes,Image,49373,1983,300,182,4.99,2465,4.016365219857007,0.6076195491462946,0.3686225264820854,6.337471897595852,9,Morning
151,2024-04-27,9:45,Saturday,Carousel,369,5,Yes,Image,46862,2221,315,312,6.08,2848,4.739447740173275,0.6721864197003968,0.6657846442746789,8.081174512398105,9,Morning
152,2024-02-22,9:45,Thursday,Image,227,5,Yes,Image,30840,1156,92,50,4.21,1298,3.748378728923476,0.29831387808041504,0.1621271076523995,4.831387808041505,9,Morning
153,2024-03-18,18:15,Monday,Image,347,1,Yes,Image,37660,1042,84,40,3.1,1166,2.7668613913967075,0.22304832713754646,0.10621348911311736,3.5315985130111525,18,Evening
154,2024-01-03,12:00,Wednesday,Text,251,3,No,No Media,49739,1642,198,99,3.9,1939,3.301232433301836,0.39807796698767567,0.19903898349383783,4.6945053177587,12,Afternoon
155,2024-03-27,17:45,Wednesday,Video,137,5,Yes,Video,20312,541,57,26,3.07,624,2.663450177235132,0.2806222922410398,0.12800315084679006,3.608704214257582,17,Evening
156,2024-03-14,9:00,Thursday,Image,174,10,Yes,Image,19653,950,113,85,5.84,1148,4.833867602910497,0.5749758306619854,0.43250394341830767,7.28133109448939,9,Morning
157,2024-01-27,20:45,Saturday,Carousel,201,3,Yes,Image,13790,532,79,20,4.58,631,3.857868020304569,0.5728788977519942,0.145032632342277,5.4387237128353885,20,Evening
158,2024-03-24,10:15,Sunday,Carousel,462,0,Yes,Image,27346,911,85,55,3.84,1051,3.331383017625978,0.31083156585972355,0.2011263073209976,4.556425071308419,10,Morning
159,2024-01-03,19:00,Wednesday,Image,336,0,Yes,Image,6932,336,54,40,6.2,430,4.847085978072706,0.7789959607616849,0.5770340450086555,8.136180034622043,19,Evening
160,2024-03-06,11:30,Wednesday,Text,456,5,No,No Media,33568,807,119,49,2.9,975,2.404075309818875,0.35450428979980936,0.1459723546234509,3.5510009532888462,11,Morning
161,2024-03-12,20:15,Tuesday,Video,235,5,Yes,Video,9076,290,44,18,3.88,352,3.1952401939180253,0.48479506390480387,0.1983252534156016,4.759806081974438,20,Evening
162,2024-04-13,20:45,Saturday,Text,424,5,No,No Media,44620,899,113,132,2.56,1144,2.0147915732855224,0.2532496638278799,0.2958314657104437,3.408785298072613,20,Evening
163,2024-02-13,12:30,Tuesday,Image,281,8,Yes,Image,17938,817,152,51,5.69,1020,4.554576875905898,0.8473631397034229,0.2843126324004906,7.102241052514216,12,Afternoon
164,2024-02-27,15:00,Tuesday,Text,249,0,No,No Media,45531,1502,204,208,4.2,1914,3.2988513320594754,0.4480463859787837,0.45683160923326965,5.565438931716852,15,Afternoon
165,2024-01-13,12:15,Saturday,Text,489,6,No,No Media,47360,2291,230,101,5.54,2622,4.83741554054054,0.4856418918918919,0.21326013513513511,6.44847972972973,12,Afternoon
166,2024-01-18,18:15,Thursday,Text,166,0,No,No Media,26534,898,168,115,4.45,1181,3.3843370769578653,0.6331499208562599,0.43340619582422546,5.9508555061430615,18,Evening
167,2024-04-22,16:30,Monday,Video,280,7,Yes,Video,8347,387,54,29,5.63,470,4.6363963100515155,0.6469390200071882,0.3474302144483048,6.972564993410807,16,Afternoon
168,2024-03-28,19:45,Thursday,Image,163,0,Yes,Image,5110,211,34,14,5.07,259,4.129158512720156,0.6653620352250489,0.273972602739726,6.281800391389432,19,Evening
169,2024-01-31,13:45,Wednesday,Video,467,2,Yes,Video,39796,1446,204,135,4.49,1785,3.6335310081415217,0.5126143330988039,0.33923007337420846,5.676449894461754,13,Afternoon
170,2024-03-02,9:00,Saturday,Text,283,6,No,No Media,17670,664,111,64,4.75,839,3.7577815506508205,0.6281833616298811,0.3621958121109225,6.100735710243351,9,Morning
171,2024-02-12,20:30,Monday,Video,122,5,Yes,Video,42260,1158,191,147,3.54,1496,2.7401798390913394,0.4519640321817321,0.3478466635115949,4.687647893989588,20,Evening
172,2024-04-16,16:15,Tuesday,Video,400,5,Yes,Video,47888,1210,211,130,3.24,1551,2.526729034413632,0.44061142666221187,0.27146675576344803,4.2223521550284,16,Afternoon
173,2024-02-08,10:15,Thursday,Image,223,3,Yes,Image,5726,239,28,11,4.86,278,4.173943415997206,0.4889975550122249,0.19210618232623122,5.728257073000349,10,Morning
174,2024-02-18,11:30,Sunday,Image,137,9,Yes,Image,27183,687,123,55,3.18,865,2.5273148659088402,0.4524886877828055,0.2023323400654821,4.0392892616708975,11,Morning
175,2024-03-03,17:15,Sunday,Video,392,1,Yes,Video,40326,888,97,111,2.72,1096,2.202053265883053,0.2405396022417299,0.27525665823538165,3.508902445072658,17,Evening
176,2024-01-22,14:30,Monday,Video,250,2,Yes,Video,4961,244,13,15,5.48,272,4.918363233219109,0.2620439427534771,0.30235839548478133,6.349526305180407,14,Afternoon
177,2024-02-21,13:45,Wednesday,Carousel,340,4,Yes,Image,15068,624,34,87,4.94,745,4.141226440138041,0.2256437483408548,0.5773825325192461,6.324661534377489,13,Afternoon
178,2024-03-19,17:30,Tuesday,Carousel,439,3,Yes,Image,22343,636,114,34,3.51,784,2.8465291142639755,0.5102269167076937,0.15217294007071566,4.32350176789151,17,Evening
179,2024-02-17,19:15,Saturday,Carousel,450,1,Yes,Image,35612,1360,248,151,4.94,1759,3.81893743681905,0.6963944737728855,0.42401437717623275,6.483769515893519,19,Evening
180,2024-02-07,16:15,Wednesday,Carousel,191,1,Yes,Image,16326,759,97,113,5.94,969,4.649026093348034,0.5941443096900649,0.6921474947935807,7.913757197108906,16,Afternoon
181,2024-03-08,17:15,Friday,Carousel,143,5,Yes,Image,10230,414,21,15,4.4,450,4.0469208211143695,0.20527859237536658,0.1466275659824047,4.897360703812317,17,Evening
182,2024-04-27,11:15,Saturday,Carousel,308,9,Yes,Image,11845,357,30,16,3.4,403,3.013929928239764,0.2532714225411566,0.1350780920219502,3.9257070493879276,11,Morning
183,2024-01-27,10:15,Saturday,Video,430,4,Yes,Video,30268,741,56,31,2.74,828,2.4481300383243028,0.18501387604070307,0.10241839566538918,3.1254129774018766,10,Morning
184,2024-02-21,16:15,Wednesday,Carousel,440,2,Yes,Image,35821,1163,191,41,3.89,1395,3.2466988637949807,0.5332067781468971,0.11445799949750146,4.656486418581279,16,Afternoon
185,2024-03-24,8:00,Sunday,Carousel,220,7,Yes,Image,22790,1094,203,46,5.89,1343,4.8003510311540145,0.8907415533128565,0.2018429135585783,7.187362878455462,8,Morning
186,2024-01-23,8:45,Tuesday,Image,253,5,Yes,Image,40201,1769,353,67,5.45,2189,4.400388050048506,0.8780876097609512,0.1666625208328151,6.656550832068854,8,Morning
187,2024-03-27,19:45,Wednesday,Carousel,441,3,Yes,Image,21280,544,47,27,2.9,618,2.556390977443609,0.22086466165413535,0.12687969924812031,3.378759398496241,19,Evening
188,2024-03-01,15:30,Friday,Text,257,10,No,No Media,5395,187,20,15,4.11,222,3.4661723818350323,0.3707136237256719,0.27803521779425394,5.041705282669138,15,Afternoon
189,2024-01-30,14:30,Tuesday,Video,179,10,Yes,Video,34940,1328,246,198,5.07,1772,3.8008013737836293,0.7040641099026903,0.5666857469948483,6.908986834573555,14,Afternoon
190,2024-02-20,14:30,Tuesday,Image,452,3,Yes,Image,43717,2049,381,118,5.83,2548,4.68696388132763,0.8715145138046985,0.2699178809158908,7.239746551684699,14,Afternoon
191,2024-03-16,13:30,Saturday,Video,189,0,Yes,Video,35708,1267,205,109,4.43,1581,3.5482244875098017,0.5741010417833539,0.3052537246555394,5.612187745043127,13,Afternoon
192,2024-02-27,16:30,Tuesday,Text,437,10,No,No Media,3805,187,33,18,6.25,238,4.914586070959264,0.8672798948751642,0.47306176084099866,8.068331143232589,16,Afternoon
193,2024-03-20,11:30,Wednesday,Carousel,287,8,Yes,Image,4860,123,9,17,3.07,149,2.5308641975308643,0.1851851851851852,0.3497942386831276,3.950617283950617,11,Morning
194,2024-04-10,17:30,Wednesday,Image,272,6,Yes,Image,8734,407,37,39,5.53,483,4.659949622166247,0.42363178383329514,0.44653079917563543,6.846805587359743,17,Evening
195,2024-02-21,8:30,Wednesday,Carousel,379,6,Yes,Image,25834,1215,129,169,5.86,1513,4.703104436014555,0.49934195246574287,0.6541766664086088,7.664318340171866,8,Morning
196,2024-03-12,8:30,Tuesday,Video,485,0,Yes,Video,27222,897,176,90,4.27,1163,3.29512893982808,0.6465358900888987,0.3306149437954596,5.580045551392256,8,Morning
197,2024-04-16,15:00,Tuesday,Text,179,3,No,No Media,21950,834,141,49,4.67,1024,3.7995444191343966,0.642369020501139,0.2232346241457859,5.753986332574032,15,Afternoon
198,2024-03-06,18:15,Wednesday,Video,310,3,Yes,Video,11442,542,88,18,5.66,648,4.736934102429645,0.7690963118335955,0.15731515469323545,6.747072190176542,18,Evening
199,2024-01-02,16:45,Tuesday,Video,478,10,Yes,Video,27577,1000,168,137,4.73,1305,3.62621024767016,0.6092033216085869,0.49679080393081193,6.3349893026797695,16,Afternoon
200,2024-03-06,19:45,Wednesday,Text,406,2,No,No Media,22612,909,150,66,4.98,1125,4.019989386166637,0.6633645851760127,0.2918804174774456,6.2223598089509995,19,Evening
201,2024-01-15,8:45,Monday,Image,381,1,Yes,Image,33942,1513,270,80,5.49,1863,4.457604148252902,0.7954746331978081,0.23569618761416533,6.755641977491014,8,Morning
202,2024-03-09,13:00,Saturday,Carousel,388,10,Yes,Image,36714,1251,91,114,3.97,1456,3.4074195129923193,0.24786185106498884,0.31050825298251344,4.834667974069838,13,Afternoon
203,2024-03-07,19:15,Thursday,Image,457,2,Yes,Image,38488,1085,166,112,3.54,1363,2.819060486385367,0.4313032633548119,0.2909997921430056,4.554666389524008,19,Evening
204,2024-01-24,8:30,Wednesday,Image,421,8,Yes,Image,7285,295,37,14,4.75,346,4.049416609471517,0.5078929306794784,0.19217570350034316,5.641729581331504,8,Morning
205,2024-03-28,12:30,Thursday,Carousel,308,9,Yes,Image,22774,854,126,28,4.43,1008,3.749890225695969,0.5532624923157987,0.12294722051462194,5.225256871871433,12,Afternoon
206,2024-04-24,11:30,Wednesday,Image,236,2,Yes,Image,36340,829,153,38,2.81,1020,2.2812328013208587,0.42102366538249864,0.10456796917996697,3.4369840396257567,11,Morning
207,2024-04-04,20:15,Thursday,Image,158,8,Yes,Image,15603,570,108,81,4.86,759,3.653143626225726,0.6921745818111902,0.5191309363583926,6.594885598923284,20,Evening
208,2024-03-08,9:00,Friday,Video,156,10,Yes,Video,23925,611,55,82,3.13,748,2.5538140020898643,0.22988505747126436,0.34273772204806685,4.041797283176594,9,Morning
209,2024-04-18,17:30,Thursday,Image,339,6,Yes,Image,17357,403,32,45,2.77,480,2.3218298092988423,0.18436365731405197,0.2592613930978856,3.4683413032206025,17,Evening
210,2024-02-08,15:15,Thursday,Text,167,0,No,No Media,11398,321,52,42,3.64,415,2.8162835585190384,0.45622038954202493,0.36848569924548163,4.834181435339533,15,Afternoon
211,2024-01-24,20:30,Wednesday,Carousel,182,9,Yes,Image,18216,793,127,99,5.59,1019,4.353315766359245,0.6971892841458059,0.5434782608695652,7.378129117259552,20,Evening
212,2024-01-05,9:00,Friday,Text,161,8,No,No Media,43861,1221,87,88,3.18,1396,2.7837942591368185,0.19835389070016643,0.20063382047832926,3.782403501972139,9,Morning
213,2024-04-14,17:45,Sunday,Image,483,10,Yes,Image,23919,1080,161,161,5.86,1402,4.515238931393453,0.6731050629206907,0.6731050629206907,7.880764245996906,17,Evening
214,2024-01-16,9:45,Tuesday,Text,225,4,No,No Media,36298,1481,88,106,4.61,1675,4.080114606865392,0.2424375998677613,0.2920271089316216,5.441071133395779,9,Morning
215,2024-02-23,19:45,Friday,Image,374,8,Yes,Image,12106,397,21,26,3.67,444,3.2793656038328103,0.1734677019659673,0.21476953576738808,4.270609615066909,19,Evening
216,2024-03-17,8:15,Sunday,Video,438,7,Yes,Video,33368,1581,102,56,5.21,1739,4.738072404699113,0.30568209062574925,0.1678254615200192,5.852912970510669,8,Morning
217,2024-01-14,10:45,Sunday,Carousel,481,2,Yes,Image,33809,806,106,52,2.85,964,2.3839805968824868,0.31352598420538913,0.1538051997988701,3.472448164689875,10,Morning
218,2024-02-16,20:00,Friday,Carousel,144,0,Yes,Image,23235,733,116,83,4.01,932,3.154723477512374,0.4992468259091888,0.3572197116419195,5.224876264256509,20,Evening
219,2024-02-19,17:30,Monday,Carousel,325,10,Yes,Image,34238,1231,156,95,4.33,1482,3.5954202932414274,0.4556340907763304,0.27746947835738067,5.33909690986623,17,Evening
220,2024-01-28,16:45,Sunday,Image,405,6,Yes,Image,21554,1031,193,105,6.17,1329,4.783334879836689,0.8954254430732115,0.48714855711236893,8.03563143732022,16,Afternoon
221,2024-01-15,8:15,Monday,Carousel,448,5,Yes,Image,16778,479,29,44,3.29,552,2.8549290737871025,0.17284539277625463,0.2622481821432829,3.9873644057694597,8,Morning
222,2024-04-08,16:15,Monday,Text,343,10,No,No Media,24430,828,158,83,4.38,1069,3.3892754809660253,0.6467458043389276,0.3397462136717151,5.7020057306590255,16,Afternoon
223,2024-03-08,10:30,Friday,Carousel,466,8,Yes,Image,3277,108,8,3,3.63,119,3.295697284101312,0.24412572474824534,0.091547146780592,4.058590173939579,10,Morning
224,2024-02-12,17:45,Monday,Text,139,6,No,No Media,44196,1010,174,90,2.88,1274,2.2852746854918995,0.39370078740157477,0.20363833831115938,3.6835912752285274,17,Evening
225,2024-01-19,15:30,Friday,Text,208,5,No,No Media,24694,964,160,82,4.88,1206,3.9037822952944037,0.6479306714181583,0.3320644691018061,6.1958370454361384,15,Afternoon
226,2024-03-04,13:15,Monday,Text,499,4,No,No Media,31883,1068,86,65,3.82,1219,3.34974751434934,0.26973622306558354,0.20387040115422014,4.500831163943167,13,Afternoon
227,2024-02-27,14:45,Tuesday,Text,285,5,No,No Media,25204,726,70,35,3.3,831,2.8804951594984924,0.27773369306459295,0.13886684653229647,3.8525630852245674,14,Afternoon
228,2024-01-04,15:45,Thursday,Image,322,0,Yes,Image,5827,228,21,15,4.53,264,3.9128196327441223,0.3603912819632744,0.25742234425948174,5.405869229449116,15,Afternoon
229,2024-03-16,10:00,Saturday,Image,377,3,Yes,Image,32370,1444,107,140,5.22,1691,4.460920605498918,0.3305529811553908,0.4324992276799506,6.419524250849553,10,Morning
230,2024-03-18,12:45,Monday,Video,207,10,Yes,Video,38790,1505,236,60,4.64,1801,3.8798659448311423,0.6084042278937871,0.15467904098994587,5.560711523588554,12,Afternoon
231,2024-04-22,11:15,Monday,Text,348,0,No,No Media,16586,363,55,50,2.82,468,2.1885927890992405,0.33160496804533945,0.30145906185939947,3.7561799107681177,11,Morning
232,2024-02-29,8:45,Thursday,Image,286,2,Yes,Image,13593,662,103,83,6.24,848,4.870153755609505,0.7577429559332008,0.6106084013830648,8.2174648716251,8,Morning
233,2024-03-29,14:45,Friday,Carousel,408,0,Yes,Image,33452,1624,254,209,6.24,2087,4.854717206743992,0.7592969030252302,0.6247757981585556,8.247638407270118,14,Afternoon
234,2024-02-13,12:15,Tuesday,Image,495,7,Yes,Image,34617,1451,242,206,5.49,1899,4.1915821706098155,0.6990784874483635,0.5950833405552186,7.374989167172198,12,Afternoon
235,2024-02-25,8:30,Sunday,Image,494,10,Yes,Image,10052,389,77,43,5.06,509,3.869876641464385,0.766016713091922,0.42777556705133307,6.685236768802229,8,Morning
236,2024-03-25,8:15,Monday,Video,221,9,Yes,Video,3377,117,17,5,4.12,139,3.464613562333432,0.5034053893988748,0.14806040864672787,4.915605567071365,8,Morning
237,2024-04-06,9:45,Saturday,Image,276,9,Yes,Image,28190,807,70,93,3.44,970,2.862717275629656,0.24831500532103584,0.32990422135509045,4.349059950336999,9,Morning
238,2024-04-24,14:30,Wednesday,Image,386,0,Yes,Image,36794,1184,231,162,4.29,1577,3.217915964559439,0.6278197532206338,0.44028917758330166,5.7944230037506115,14,Afternoon
239,2024-04-11,18:00,Thursday,Carousel,425,7,Yes,Image,15614,487,47,30,3.61,564,3.118995773024209,0.30101191238631997,0.19213526322531063,4.297425387472781,18,Evening
240,2024-02-12,13:15,Monday,Image,463,10,Yes,Image,42099,1940,358,267,6.09,2565,4.608185467588304,0.8503764935034087,0.6342193401268439,8.211596474975652,13,Afternoon
241,2024-01-06,16:00,Saturday,Video,213,0,Yes,Video,38137,1869,257,246,6.22,2372,4.900752550017043,0.6738862521960302,0.645042871751842,8.18365366966463,16,Afternoon
242,2024-01-31,13:15,Wednesday,Carousel,336,6,Yes,Image,9945,413,42,23,4.81,478,4.152840623428858,0.42232277526395173,0.23127199597787834,5.691302161890397,13,Afternoon
243,2024-03-06,15:30,Wednesday,Image,232,5,Yes,Image,10050,487,95,66,6.45,648,4.845771144278607,0.9452736318407959,0.6567164179104478,8.706467661691542,15,Afternoon
244,2024-02-10,20:30,Saturday,Carousel,138,6,Yes,Image,17729,779,141,38,5.4,958,4.393930847763551,0.795307123921259,0.21433809013480737,6.627559366010491,20,Evening
245,2024-04-28,15:00,Sunday,Text,351,9,No,No Media,27570,1020,67,55,4.14,1142,3.6996735582154514,0.24301777294160318,0.19949220166848025,4.784185709104099,15,Afternoon
246,2024-01-11,19:45,Thursday,Text,232,3,No,No Media,26925,938,89,126,4.28,1153,3.4837511606313836,0.33054781801299904,0.46796657381615603,5.548746518105849,19,Evening
247,2024-03-21,10:30,Thursday,Carousel,336,3,Yes,Image,21365,931,134,77,5.35,1142,4.357594196115142,0.6271940088930494,0.3604025274982448,6.693189796395975,10,Morning
248,2024-01-02,17:00,Tuesday,Image,160,3,Yes,Image,3228,118,16,11,4.49,145,3.6555142503097895,0.49566294919454773,0.34076827757125155,5.669144981412639,17,Evening
249,2024-01-27,8:30,Saturday,Video,244,3,Yes,Video,22600,837,142,65,4.62,1044,3.703539823008849,0.6283185840707964,0.28761061946902655,5.823008849557522,8,Morning
250,2024-01-02,12:15,Tuesday,Text,368,2,No,No Media,9167,250,42,31,3.52,323,2.7271735573251883,0.4581651576306316,0.3381695211083233,4.658012435911421,12,Afternoon
251,2024-03-15,18:45,Friday,Carousel,287,3,Yes,Image,9092,354,59,44,5.03,457,3.893532776066872,0.6489221293444787,0.4839419269687638,6.643202815662121,18,Evening
252,2024-04-09,10:45,Tuesday,Image,255,4,Yes,Image,43248,1772,273,196,5.18,2241,4.097299297077321,0.631243063263041,0.45320014798372177,6.719385867554569,10,Morning
253,2024-02-01,12:15,Thursday,Text,492,6,No,No Media,42399,1257,99,70,3.36,1426,2.964692563503856,0.2334960730205901,0.1650982334489021,3.9269794098917425,12,Afternoon
254,2024-02-09,17:00,Friday,Video,332,10,Yes,Video,46461,1974,385,289,5.7,2648,4.248724736876089,0.828651987688599,0.6220270764727406,7.772109941671509,17,Evening
255,2024-01-28,18:30,Sunday,Text,363,4,No,No Media,49245,2179,355,112,5.37,2646,4.424814702000203,0.7208853690730023,0.22743425728500355,6.548888212001218,18,Evening
256,2024-02-21,16:00,Wednesday,Carousel,318,8,Yes,Image,7183,316,22,23,5.03,361,4.399276068495058,0.3062787136294028,0.32020047333983015,5.972434915773354,16,Afternoon
257,2024-04-12,14:30,Friday,Text,383,3,No,No Media,28868,1387,127,177,5.86,1691,4.804627961756962,0.4399334903699598,0.6131356519329361,7.52390189829569,14,Afternoon
258,2024-04-28,19:45,Sunday,Text,436,10,No,No Media,28290,709,82,88,3.11,879,2.5061859314245316,0.2898550724637681,0.31106398020501946,4.019088016967126,19,Evening
259,2024-02-20,11:15,Tuesday,Image,390,2,Yes,Image,29923,1229,141,139,5.04,1509,4.107208501821341,0.4712094375563947,0.4645256157470841,6.443204224175384,11,Morning
260,2024-04-22,18:45,Monday,Image,327,10,Yes,Image,6307,143,14,6,2.58,163,2.267322023148882,0.22197558268590456,0.09513239257967337,2.9966703662597114,18,Evening
261,2024-03-19,17:15,Tuesday,Image,419,5,Yes,Image,16547,645,126,44,4.93,815,3.8979875506134043,0.7614673354686651,0.2659092282588989,6.218649906327431,17,Evening
262,2024-03-31,18:45,Sunday,Video,292,4,Yes,Video,7297,187,30,24,3.3,241,2.5626969987666164,0.4111278607646978,0.32890228861175824,4.371659586131287,18,Evening
263,2024-01-06,20:45,Saturday,Image,411,1,Yes,Image,34479,719,108,99,2.69,926,2.0853273006757735,0.31323414252153486,0.28713129731140696,3.573189477653064,20,Evening
264,2024-04-21,9:45,Sunday,Image,378,6,Yes,Image,7770,339,29,11,4.88,379,4.362934362934363,0.3732303732303732,0.14157014157014156,5.534105534105534,9,Morning
265,2024-02-11,16:00,Sunday,Video,295,8,Yes,Video,37156,1040,108,137,3.46,1285,2.7990095812251052,0.2906663795887609,0.36871568521907633,4.486489396059856,16,Afternoon
266,2024-01-30,15:30,Tuesday,Carousel,300,10,Yes,Image,26466,1137,176,69,5.22,1382,4.296077986851054,0.6650041562759768,0.2607118567218318,6.408221869568504,15,Afternoon
267,2024-04-02,17:00,Tuesday,Image,490,6,Yes,Image,15703,537,30,52,3.94,619,3.4197287142584223,0.19104629688594535,0.33114691460230533,4.795262051837228,17,Evening
268,2024-01-23,18:00,Tuesday,Video,192,8,Yes,Video,23070,1006,101,126,5.34,1233,4.360641525791071,0.43779800606848723,0.5461638491547465,6.874729085392284,18,Evening
269,2024-04-02,15:30,Tuesday,Carousel,304,9,Yes,Image,37654,940,141,75,3.07,1156,2.496414723535348,0.37446220853030227,0.19918202581399053,3.8428852180379245,15,Afternoon
270,2024-02-01,16:15,Thursday,Text,397,2,No,No Media,13227,318,42,14,2.83,374,2.4041732819233386,0.3175323202540259,0.10584410675134195,3.3567702426854162,16,Afternoon
271,2024-03-04,15:45,Monday,Image,467,0,Yes,Image,4912,181,22,21,4.56,224,3.68485342019544,0.4478827361563518,0.42752442996742673,5.863192182410423,15,Afternoon
272,2024-01-13,13:00,Saturday,Carousel,413,10,Yes,Image,4713,146,13,13,3.65,172,3.0978145554848293,0.2758328028856355,0.2758328028856355,4.4769785699130065,13,Afternoon
273,2024-02-24,17:30,Saturday,Video,239,2,Yes,Video,42528,907,111,85,2.59,1103,2.1327125658389767,0.26100451467268626,0.19986832204665164,3.254326561324304,17,Evening
274,2024-03-09,13:00,Saturday,Video,406,3,Yes,Video,10180,205,28,25,2.53,258,2.013752455795678,0.275049115913556,0.2455795677799607,3.3005893909626716,13,Afternoon
275,2024-03-14,9:15,Thursday,Video,453,1,Yes,Video,19902,550,101,72,3.63,723,2.7635413526278763,0.5074866847553009,0.3617726861621947,4.863832780625063,9,Morning
276,2024-02-20,10:15,Tuesday,Video,156,10,Yes,Video,46317,2207,304,319,6.11,2830,4.764989096875877,0.6563464818533151,0.6887319990500248,8.143878057732582,10,Morning
277,2024-04-22,13:30,Monday,Video,239,5,Yes,Video,13691,490,57,48,4.35,595,3.5789934993791546,0.4163318968665547,0.3505952815718355,5.4634431378277695,13,Afternoon
278,2024-02-24,13:00,Saturday,Image,442,3,Yes,Image,7669,320,44,14,4.93,378,4.172643108619116,0.5737384274351285,0.1825531360020863,5.867779371495631,13,Afternoon
279,2024-04-17,8:45,Wednesday,Video,321,2,Yes,Video,3817,111,6,10,3.33,127,2.9080429656798534,0.15719151165837045,0.2619858527639507,4.008383547288447,8,Morning
280,2024-01-11,9:00,Thursday,Text,332,4,No,No Media,11432,529,76,57,5.79,662,4.627361791462562,0.6648005598320503,0.4986004198740378,7.452764170748775,9,Morning
281,2024-01-10,19:15,Wednesday,Video,391,5,Yes,Video,37216,1132,139,93,3.67,1364,3.0417024935511607,0.3734952708512468,0.2498925193465176,4.538370593293208,19,Evening
282,2024-02-10,15:15,Saturday,Carousel,228,5,Yes,Image,34776,1098,208,145,4.17,1451,3.1573498964803313,0.5981136415919025,0.41695422130204735,5.604439843570278,15,Afternoon
283,2024-04-15,15:15,Monday,Carousel,159,6,Yes,Image,45658,1269,163,129,3.42,1561,2.779359586490867,0.3570020587848789,0.28253537167637655,4.3409698190897545,15,Afternoon
284,2024-02-17,16:15,Saturday,Carousel,340,6,Yes,Image,35903,762,78,57,2.5,897,2.122385315990307,0.21725204021948025,0.15876110631423557,3.0331727153719745,16,Afternoon
285,2024-02-25,14:45,Sunday,Image,305,8,Yes,Image,24104,657,106,72,3.46,835,2.725688682376369,0.43976103551277795,0.2987056090275473,4.501327580484567,14,Afternoon
286,2024-03-11,15:15,Monday,Video,275,4,Yes,Video,35121,1734,267,98,5.98,2099,4.937217049628428,0.760228922866661,0.27903533498476696,7.29478090031605,15,Afternoon
287,2024-03-22,11:15,Friday,Video,208,9,Yes,Video,10004,474,42,38,5.54,554,4.738104758096761,0.4198320671731308,0.3798480607756897,6.717313074770093,11,Morning
288,2024-01-02,20:00,Tuesday,Image,467,5,Yes,Image,4168,111,19,7,3.29,137,2.663147792706334,0.45585412667946257,0.16794625719769674,4.0786948176583495,20,Evening
289,2024-01-23,15:45,Tuesday,Video,474,9,Yes,Video,32939,1422,214,145,5.41,1781,4.3170709493305806,0.64968578281065,0.44020765657730954,6.937065484683809,15,Afternoon
290,2024-01-18,11:00,Thursday,Video,285,6,Yes,Video,10156,335,19,29,3.77,383,3.2985427333595907,0.18708152816069318,0.28554549035053167,4.529342260732571,11,Morning
291,2024-02-23,8:15,Friday,Carousel,323,0,Yes,Image,33963,1361,257,128,5.14,1746,4.007302064010836,0.7567058269293053,0.3768807231398875,6.651355887289109,8,Morning
292,2024-02-17,12:30,Saturday,Text,430,7,No,No Media,28381,1011,54,57,3.95,1122,3.562242345230964,0.1902681371339981,0.20083858919699799,4.545294387089954,12,Afternoon
293,2024-03-12,14:45,Tuesday,Video,235,7,Yes,Video,39300,1119,187,98,3.57,1404,2.847328244274809,0.4758269720101781,0.24936386768447835,4.547073791348601,14,Afternoon
294,2024-01-06,18:45,Saturday,Text,348,8,No,No Media,41610,1446,245,84,4.27,1775,3.475126171593367,0.5888007690459024,0.20187454938716656,5.258351357846672,18,Evening
295,2024-03-08,12:15,Friday,Image,424,5,Yes,Image,36611,1060,82,109,3.42,1251,2.8953046898473134,0.22397640053535822,0.297724727540903,4.236431673540739,12,Afternoon
296,2024-03-26,12:45,Tuesday,Image,232,1,Yes,Image,31846,1051,56,145,3.93,1252,3.3002574891666145,0.17584626012686053,0.4553162092570496,5.017898637191484,12,Afternoon
297,2024-04-10,9:15,Wednesday,Carousel,301,7,Yes,Image,26044,1255,127,112,5.74,1494,4.818768238365843,0.4876363077868223,0.43004146828444173,7.084165258792813,9,Morning
298,2024-03-24,16:30,Sunday,Text,136,6,No,No Media,13341,536,62,30,4.71,628,4.0176898283487,0.4647327786522749,0.22487069934787499,5.621767483696874,16,Afternoon
299,2024-04-12,18:30,Friday,Video,265,6,Yes,Video,20994,573,89,69,3.48,731,2.7293512432123466,0.42393064685148135,0.32866533295227207,4.563208535772125,18,Evening
300,2024-04-11,14:30,Thursday,Video,363,6,Yes,Video,29124,813,67,95,3.35,975,2.7915121549237742,0.23005081719544018,0.3261914572174152,4.2301881609669,14,Afternoon
